0,641164478063855;3,27648138633847;29,1431078592183;4,21839700481351;5,86904572925275;1;0,504733261653393;1,36164222980422;1,26138847304075;0,538570374259392;1,05043820863367;1,20397261558193;4,08193848749668;1,25628513546108;6,25271538208535;3,71886761968929;1,00508860976088;13,0021497497806;-14,5303066282342;-15,7770175652117;
0,432223853662662;3,78125842492591;23,9391557718485;2,60399464811291;15,4566281604247;1;1,06228331536108;1,10924347655597;1,79757195403743;1,02771382302225;1,2950817415945;1,73023154394008;2,74337595183015;1,02722263895609;5,36422923076065;2,33301454697107;1,27414725098623;17,5825623067987;-19,296267836099;-18,8533617267373;
0,496596316363801;3,88008591553198;23,0313789735156;2,31382762811003;18,4831286497608;1;1,15130654085691;1,05983829255212;1,8960026912149;1,18099283815385;1,37177458425792;1,57711367718343;2,25939600222264;1,07176191617543;5,06112077367984;2,6228804596753;1,32239380777404;19,1920227089878;-15,5009028082148;-15,2638785034478;
0,588774847190076;3,64184366484216;20,3358400893248;3,12230606845634;13,2492350212413;1;1,38962723125928;1,17896706929406;1,62651040582604;1,41929724042288;1,49093355785379;1,83885411984261;2,9741259596716;1,19091369646855;5,52198036399716;3,31421674888446;1,43763994796612;16,8094277514167;-4,47719475125619;-2,59823916337022;
0,452802851715312;3,84829964112684;23,7812558779915;3,67142941306146;2,47956058068191;1;0,826899716241029;1,33425996541843;1,68869722417758;0,623055520263281;1,2387896242409;1,36874247723463;3,96157261518798;1,18118871124023;5,290925084681;3,63551878967218;1,10466513098326;12,0716354604977;6,32136684014996;5,70351715847722;
0,715327807775542;3,08416882136002;27,2643032104858;4,80067050126397;1,90218132964852;1;0,821211885037183;1,45823098345618;1,06892531017515;0,854913005687975;1,14605106160651;1,40256484770276;4,64936451326342;1,40766615453355;6,90594221509666;4,26405286888221;1,15934460357748;11,2346650150685;7,02049547989601;6,28059438547417;
0,559442993011196;3,61801779307845;21,5425092241593;4,35875748804741;6,92765642118819;1;0,581853257511243;1,46245785440841;1,96615739841158;0,846979053771817;1,11915376855041;1,09782757775342;4,63126667463949;1,05296043412596;5,7717029053652;4,3946766456111;1,22423489443591;14,4578387528793;-10,6223765851361;-10,8322541601512;
0,638784373327807;3,26680646819687;29,0860404793839;4,2474175717792;5,74879594746716;1;0,514590041016832;1,36647898444591;1,251469378651;0,544275294068334;1,05341401278354;1,21383027364822;4,09924327165336;1,2534008277006;6,27206240344608;3,68929398681254;1,00012897478885;13,059227744364;-14,0836594376777;-15,0387671032456;
0,75098701127595;3,79976363009768;29,3319299699115;2,63979944089423;14,9164639867182;1;0,67829284611584;1,09563291785206;1,5131452552772;0,56357386802872;1,22733540931422;1,28089703602737;2,15630233989942;1,49049098032771;5,87015939058507;3,7826874430251;1,25072223431215;12,4396484374161;-28,0460593715937;-27,5924979428751;
0,530734564394395;3,726433228172;29,2826149983524;2,61826759870589;8,66615496311946;1;1,15848866655922;1,09455817241561;1,72839176229397;1,08878782032728;1,01454353449273;1,32460730530429;2,90252506963502;1,45207573740093;5,40309917749909;4,42074028109683;1,24581191752707;19,8897122358647;18,7182404670355;18,7255944533886;
0,56953795509635;3,58100250004348;21,795449082692;4,29457654787567;6,41798116881819;1;0,619124194634874;1,44980905017578;1,99165231198809;0,821672912994789;1,10848237332154;1,07619708172888;4,74232425837366;1,03435977828558;5,81485579740602;4,32995851904386;1,2348962035577;14,710097390858;-7,69552373961227;-7,25881937668978;
0,56121188182412;3,73320316098007;20,913808874533;2,7526171062497;14,251704419556;1;1,48538528917948;1,13352667229099;1,74850596551516;1,45574530003493;1,44658701714282;1,78618861427209;2,90069906504375;1,24660763953501;5,72791387856191;3,31074524538376;1,49987022893035;16,9407129490144;-0,582853950433694;-1,59918167754937;
0,616908967079806;3,61453196583654;28,3059430723791;4,10188572739761;9,56487538050042;1;1,45757126271668;1,37948704414989;1,84102715850832;1,34293586198309;1,36505170547521;1,78264701454496;4,84640740995444;1,26664134505359;5,44706354952582;2,14739721248564;1,27066086751191;11,7407892229363;-10,6690024484837;-10,0791908858447;
0,607998710546642;3,59611165141596;21,7834107977765;3,75345444650237;9,88616209707366;1;1,28210960835733;1,36954457961711;1,8210509870716;1,09111277819404;1,09191500851696;1,31416795363514;3,87527256525943;1,43044560214748;6,59630872579206;2,90551922025753;1,09290005594792;17,2106018446411;-8,32955793165257;-7,88275926480596;
0,751868328999697;3,91000161154894;27,107546254319;2,66286296831976;2,44497075733844;1;0,632041731414395;1,09579821969285;1,78366697644435;0,549544421501817;1,12677521133487;1,30769955443863;3,0911498135168;1,22179691882846;6,60601277779928;2,35190268660707;1,22860372234802;13,7539984783516;3,00017105281819;3,54397144917823;
0,752717509854752;3,79288804922087;25,2839959564814;4,08005039535464;19,2311135258598;1;1,29998885393142;1,29910480773521;1,53120931739249;1,14609675031297;1,30663254945693;1,60185755454047;4,83588456125834;1,0418909087409;6,8965939357636;4,20503959972529;1,49512997560555;16,4136115988748;-44,3876808356658;-43,4193457075403;
0,790018375867516;3,84383470002651;23,6569594111426;4,64060791736483;19,7820242866366;1;0,633271671396976;1,11482636318887;1,23623014433222;0,652449818829179;1,2003894213588;1,55537372235101;2,45057487335302;1,35328459270608;5,00043178768839;2,55877067836904;1,42042697731415;10,4472115660196;-81,0969469153729;-80,5323762517847;
0,613885074438035;3,58982266988368;23,0561541842893;3,33850762232638;16,5896212348225;1;0,658240852215849;1,06341120613818;1,42661857871027;0,66036656921738;1,09788460298392;1,70323604408261;3,98463341220856;1,2239459382193;5,64691982293663;2,84925497715577;1,24362952721855;10,3451033286622;-43,7891980072115;-41,953406872573;
0,789808021669697;3,81496477495296;23,5845702894927;4,36280697057089;11,7286121360326;1;0,886231962448506;1,22387264394757;1,33841258132328;0,821589083485675;1,10840961910049;1,81849325374199;2,19626395595173;1,23779449989968;5,13676475969534;3,27926094231179;1,16796571043505;17,2602168394393;-30,9931619688391;-31,2844233644153;
0,776828933315545;3,81233109482851;29,5985474366691;3,54330651195331;2,86156149647701;1;1,30490344362448;1,3928177923413;1,2328122642899;1,26320600760244;1,18088382661363;1,81705670124317;2,28094943689204;1,4882739325958;6,99280061106961;3,86818921097279;1,32402100514714;16,1030308148132;16,1340651379116;16,962790487459;
0,769195064429472;3,23213478579003;23,494426774209;4,30925549480814;9,07228933392844;1;0,611304899237888;1,32727229754144;1,79567898316208;1,32780988882943;1,47095550363207;1,21936951792319;3,95194307760148;1,12519280801648;6,11217787142661;4,30707075593692;1,19483606370511;10,0426717312175;-22,4524384375905;-23,62209952924;
0,580104538654002;3,34770312890124;29,4382550519515;3,390687510695;8,01694486942537;1;0,652357875404963;1,11721994276559;1,06782590948693;1,0816242081536;1,08706295212895;1,71328679325834;4,53598488320969;1,23996497137471;6,36386264612988;2,91681060565561;1,4843374890006;16,415708045572;-4,6654887744039;-7,12552718431429;
0,542563662897461;3,52047780913312;27,0557014497592;4,22317272336762;18,959578387197;1;0,770670023344147;1,35432089477645;1,33642499179962;0,856290245744467;1,03240399668748;1,13169088590231;2,60570793217181;1,00585816335069;6,39846027861313;3,26830232266064;1,18455261380518;19,7571048209809;-62,9224151463738;-61,8823008805798;
0,786732257154475;3,92901010739827;25,3695926711358;4,04238278047237;16,2655596705772;1;1,47968711796675;1,26376018819021;1,63226992511942;1,07562757599531;1,33350447188912;1,64500273499754;4,81190588437298;1,00649099820445;6,85114233890808;3,99428876675532;1,39777140165627;15,1212621073055;-35,2394521572878;-36,5406585028456;
0,544110133346196;3,7484011242046;24,7035198506675;2,28517293820278;12,8885871714187;1;0,584224679992587;1,31516766415796;1,90179322797381;0,605289826194125;1,1635342352473;1,84968218576388;4,43185085487362;1,26938801975208;6,47048623521591;3,81732757874237;1,32114480082438;12,4822084867587;-15,5767273476699;-17,9150652888411;
0,421389482547853;3,99326099268935;24,9050020740612;2,17199753252137;3,55807480019472;1;0,710095817039277;1,37355982683915;1,12183502319312;1,1414893336225;1,4443857442691;1,62818605281138;2,52129793714762;1,04330654815848;6,08562729905491;2,62999362559756;1,27163669834184;14,536552760875;6,28491152489736;7,33121358271989;
0,692484802168907;3,54407062184626;27,8298610839597;2,3353331252782;13,3088086203925;1;0,646875388256012;1,13807186534118;1,71119525230285;0,817560757584302;1,14397335346881;1,19542518542042;3,13354468767847;1,45816869043237;5,47446102520322;3,62463451820068;1,11068954996548;17,9733965960269;-9,33469352844181;-8,36842831398806;
0,546683363464354;3,9773458526417;29,3925603966677;4,88854157828925;18,5779918866646;1;1,22647887927631;1,30855707610225;1,95321697857073;0,628042359866212;1,45920568168145;1,37686239145157;2,27052841644514;1,24826664890821;5,51511457527874;2,93106202733029;1,35547857693291;16,0525637692894;-72,5116893409239;-74,3573935219891;
0,739593963869753;3,98475383803825;28,1156454044663;2,78552314215003;10,2975930018112;1;1,31983083622061;1,40983030593717;1,80362508511255;1,09659799248832;1,21522113872115;1,62178161824629;4,96227540843242;1,31224211079819;5,45728954590328;3,37543857688444;1,23849171428906;19,9285151529891;21,0038478683813;22,3370503302992;
0,537440225513987;3,18853339883232;22,2647699742263;2,46280305796834;19,2952427825181;1;1,13642717540181;1,23424183186941;1,33870351345714;1,47576732490579;1,36201198558836;1,72539820981338;2,17751771914249;1,46035381242641;5,24192036787093;2,98325934516808;1,21609679812475;16,1106953970414;-19,0327375801298;-19,9551533160081;
0,564588102922912;3,97832938283177;24,9983864498787;4,44493276007588;11,1492934895561;1;0,791460109942467;1,36581108308533;1,40512767583251;1,46007094927134;1,13880287381793;1,69008951161292;4,18410201700965;1,33170323582173;6,96648600463906;4,39864218058033;1,10196995399938;16,3994446015915;-21,4201741497868;-20,8488459900343;
0,475383270921973;3,60381763954736;20,9089749075726;4,43725931212242;0,0868141278826665;1;0,652876341052557;1,49902085238114;1,63789978335563;1,42982844238398;1,13282564809379;1,00021795113576;2,04140932230312;1,09402218882321;6,50246236368606;2,30359107728665;1,26713193772992;16,6230697782298;14,4765758460649;13,9091329093716;
0,527451897162816;3,62572171902883;28,0397484470251;4,40160161824934;19,6147062954527;1;1,45862178596636;1,2595831677922;1,73470276401721;1,13996920190751;1,31529090677278;1,96656495797601;4,25781858951268;1,18364485706753;6,44592440115426;3,82101460053143;1,09137514002886;10,4357834324324;-65,3364909879147;-64,8109135243391;
0,686174580800853;3,55293453800327;21,559740282027;2,32759180137133;16,9526164319722;1;0,6889731423438;1,26435699226902;1,25165785715255;0,521991751394698;1,41665923977659;1,82600174211571;4,63485159227505;1,09021023954037;5,24014983331788;4,88187581810213;1,19098874383862;19,3655000788545;-14,1434889208105;-11,6833136860872;
0,572280535887061;3,91308724528949;29,5183347327445;4,54792762630338;18,0068912678414;1;1,07556110238087;1,18809009254633;1,58048718878545;1,28527259379282;1,05437924132086;1,18173414030618;3,04811779317635;1,0935787387643;5,59265294545159;2,76078354002926;1,49679754546303;18,4023084115242;-51,6322797866304;-50,959112045414;
0,663908136604332;3,92579211409339;27,9943518987844;4,28969663388322;0,333715346719538;1;1,1386449447923;1,1923427825543;1,36005192561076;0,930872417621052;1,16081625320036;1,36228650816769;2,35678461644724;1,00499198504374;5,11498800481553;2,29557786888806;1,17601593715977;11,0062281370643;10,6289552458785;10,8988084538405;
0,581905390178297;3,21714518946063;25,4461804883196;3,32951954201085;9,13257218644316;1;0,59088913516395;1,32611558722009;1,29677339580301;0,89744702596158;1,3077240166738;1,17907010418807;3,59575634510158;1,20597547157807;5,1864447077239;3,96565814478455;1,09663482711106;11,7692751301847;-15,261069697431;-14,9200918629431;
0,783515779670215;3,82055467898505;27,6377847203142;4,35472012505744;7,39093117122327;1;0,637846122993586;1,46787819649742;1,43166288324438;0,914353480659042;1,4576185451489;1,34417415930521;4,45019518641061;1,38990149679359;6,75200557749532;2,17229193080503;1,05211000285393;18,1064945291976;-15,2471294847683;-15,1935394231669;
0,613719924589088;3,23256297088986;24,1545073581288;3,35463651487479;7,44094819469399;1;0,562346825390669;1,44735486641232;1,17258853352922;1,1215531550398;1,15228356296483;1,279374037003;2,13347552161046;1,32080329193752;5,58886585398318;2,22024629782425;1,00993401394457;18,220279444526;-11,0424617162053;-10,7256891542869;
0,432910377726171;3,82744005737534;25,9486426310494;3,98468372877331;9,33299163108063;1;0,864138408881644;1,15969545502674;1,07365758881757;1,11102572912607;1,33466008313342;1,92933748288298;3,56146049046923;1,41558218105128;6,95470207695726;4,40048506073665;1,33143999446915;18,473813300597;-7,38875818331779;-6,86620633757212;
0,491189431327206;3,32167282684745;24,5111051957382;2,82771405317535;3,68581901390241;1;0,931072952093341;1,10085552898256;1,57461214032364;0,507735278924865;1,13720483382633;1,48781649826277;2,97712134103689;1,03436700546517;5,04928020295903;3,59995935056358;1,14231028283069;16,7644669573671;7,1076230388709;6,84902568565353;
0,535244782486755;3,99222876457317;25,309198735121;4,85721376534952;12,9632943805687;1;0,50949164852721;1,34660136917294;1,96226471452095;1,45150353129755;1,39682039476391;1,97701281797537;2,47654986462475;1,43686911695098;6,83700290318509;2,28813705367226;1,06900997217023;13,4205153359614;-51,2308249009092;-49,1334673254002;
0,750034565187533;3,54688191799142;22,2987175016428;2,78639520792905;0,74302251002356;1;1,1349330925464;1,0182268758114;1,67277200442571;1,1102325871145;1,13814343037972;1,58404369875417;2,71876232133218;1,23811392445073;5,74558949441314;2,94636442720573;1,29375671427552;10,2665409469666;13,7523495885998;12,7425970895105;
0,584049769440677;3,77924767643661;29,1577540336078;2,1237896003583;16,0131232012094;1;0,743338855738598;1,13288720770108;1,40577393709816;0,882264136891408;1,08012357553936;1,19021714506443;2,90110979506306;1,28955200984831;5,43995178733951;2,46044566935404;1,33580330627407;16,9270133313087;-15,4616920489545;-15,1040565891916;
0,669536837253146;3,36153285842425;22,7517751866839;2,77313045500152;11,0987673679131;1;1,02651582321304;1,213229746491;1,22894011629488;1,21660011068839;1,28555237915962;1,25178870168789;2,22922327980148;1,12774314513145;5,56970941335189;3,7146555848221;1,00922231935179;12,5164822448316;-14,021289278593;-14,0371109532378;
0,622109473827786;3,71786676992613;25,7675865049864;2,61046944200305;7,17303699049471;1;1,45529291498365;1,22196792397228;1,48185903753197;1,4115433622877;1,11306049723948;1,33749528749322;3,22454381902342;1,47661990741655;6,41001317030983;2,67921964607183;1,27605966694561;15,7295417170342;11,0856786789398;10,201076673522;
0,505668473454581;3,22231100667788;24,3169158148386;4,05157872360469;5,5999441038817;1;0,504831984640293;1,40639065017607;1,00516178296068;1,20556726812049;1,33233868093983;1,8611631078788;4,92288579999536;1,43224359406909;6,1327963115491;3,17491049044181;1,06568305265756;10,0981849152823;-9,75070117565659;-11,2556226453114;
0,556230251434313;3,09961689289185;20,2573580993939;2,4309793946871;4,16078243967164;1;0,893408343287513;1,42632914542368;1,37776062879194;0,7090189978967;1,33694119782581;1,48812948481369;3,84803967942671;1,1422422892978;5,33341953445538;2,27894436621083;1,488024691117;10,8299413325335;3,37419295361211;5,39692936109105;
0,713313094040685;3,18133666929354;28,1433058339505;4,06117450587013;4,44124902701966;1;1,18495880502392;1,41599429652933;1,51668381074366;0,6016886916714;1,3161774876798;1,58450302425411;4,88279975459045;1,10482848927025;5,02782533597849;2,14425482720701;1,11701955055283;12,0836855778665;1,74610082724834;1,48218813003449;
0,583266783827745;3,66314677420611;24,4070790345797;2,42458247216991;18,0502007664298;1;0,671142168615745;1,27193881403001;1,15363910402023;0,641903663552809;1,25126855942683;1,94963957205174;3,23737291554859;1,49476269504399;5,85853925087921;3,81722239843039;1,0215151164498;18,1249661506445;-24,9401363589164;-26,34599691661;
0,480301690958511;3,85801084056916;20,1785417367189;2,00367877748881;16,2216638858015;1;1,30977163925063;1,39076231219591;1,70641233695355;1,06330473431463;1,20357666611755;1,52490876906666;4,37957565029608;1,17378102596239;5,05228594924609;4,78138336906707;1,06861157344389;18,391454761939;13,0520407750544;13,7495892469633;
0,684381042580209;3,75704223307712;27,12144350566;2,22992808819514;18,3344471916404;1;0,595377978425328;1,0863073884012;1,45302133808216;1,2176255326992;1,42282365237428;1,28986398323669;4,42503751312034;1,27957825497249;5,56015777973462;3,77982831997327;1,07823209233541;12,3371646744984;-21,378538728716;-21,6220841545966;
0,537267785178793;3,55976143608796;28,4997499218443;3,92846881247323;2,04425490974548;1;0,988184081504164;1,03383437288782;1,85956067006559;1,43675352258998;1,20519716716492;1,81599143306166;4,33045690910203;1,42674813441158;5,45701770448522;4,64267041246469;1,18059985204148;16,9985063832715;37,6101261345665;36,0805840416217;
0,577770684887136;3,22601445839415;22,2060162951718;3,04866432748937;13,3394049371917;1;0,658864589212198;1,13816164169418;1,36321803656482;0,833093948739835;1,42813904896102;1,99782019643994;2,29312617897362;1,33416417470066;5,9002620463493;4,86118962402949;1,23319033981142;15,1121273183059;-21,3729076499051;-20,4855959937915;
0,56210616029848;3,83734872444471;26,7489253652163;4,56966710639411;9,75730411004212;1;1,05781874259883;1,00207860383719;1,32667667589306;0,877644992987077;1,20731123087632;1,47964566188856;3,94890275526533;1,12088593238054;6,99575456417998;4,53904860153306;1,17991578257175;17,7216432331413;-19,774192358859;-22,1364548610976;
0,735778328202613;3,48078195482511;23,866048148802;2,7370084840192;17,8401319817268;1;1,2633958765686;1,34049064802017;1,91120600907859;0,896154395396857;1,15791151292108;1,57870143106643;2,25875383807783;1,29178107559955;5,26642779499908;2,84749318981718;1,00781859108429;13,4509904155161;-31,4818716486364;-30,8392927553769;
0,521910796063466;3,56456565800229;20,1844963897449;2,30518470828076;13,3461597732609;1;0,945982443039767;1,08285168630137;1,33077420232137;1,44756038183057;1,13489281691958;1,38554883245042;2,7059691335787;1,36510709262572;6,78763404483619;4,16809224527518;1,44577138543729;16,2798979893047;-0,478579432204429;-0,931313031173669;
0,425060372526073;3,28578516917438;29,6477442490048;3,88174192767631;19,0856186857181;1;0,500960313715264;1,25881663587848;1,83617875907481;1,04113047699005;1,10548473058862;1,0803772355617;2,73519533726741;1,33868266219243;5,5706992388169;3,32187965869016;1,35694217073194;18,3145518666866;-51,819475595685;-49,9834241099096;
0,620139913964118;3,48687254648816;24,5584874051992;2,78327665170265;13,5281943887305;1;1,40516636495133;1,01272217743395;1,55219938898277;1,00238237076029;1,23826468310744;1,2422763419436;4,75786743400569;1,35655658246403;5,13445268341677;4,93021284414693;1,01013565762204;14,5963120028834;3,67968707882524;1,61246285498377;
0,583796318011311;3,63814770584883;28,2298834873899;3,09848827172501;12,2731407527516;1;0,793780750430604;1,02842001536126;1,26060922519784;1,21580666227169;1,45216384587161;1,51826865494211;3,0482022604086;1,00389865948909;6,76309803821219;2,7115309510174;1,01429173769762;19,3018134332499;-20,8014098226321;-20,9361512153407;
0,433100258287299;3,03734581336317;21,1802191802254;2,20060758600026;11,4310835375057;1;0,898650431399851;1,23604227130675;1,47978850418697;1,37228154597624;1,07626474894962;1,48544732865073;3,74083716416285;1,37763094491736;6,09841150676329;3,69393514089611;1,00443325378104;13,1971692394459;-3,18772958677563;-4,45609952879889;
0,516163722545878;3,03556474159368;22,0031477469027;2,51026999496628;4,43178881528596;1;1,06932747726546;1,43781162203239;1,82046325989544;0,911313193480324;1,00373230362398;1,95526703748742;2,91814692758912;1,16050823455688;6,25665177108176;3,58648534272483;1,36868606749193;13,31999939478;7,59257811926083;8,88763711621122;
0,743575330531126;3,40905220536726;28,2451858344127;4,60360304908911;17,1901936775982;1;1,19523714056593;1,48945931310054;1,72162943559737;0,534089009751121;1,29323871417279;1,8908245868261;2,20017761043277;1,2828242524487;5,22382435161244;2,44552279995883;1,1200269852113;14,469951864907;-64,5083121732716;-62,5958339114732;
0,662090331470149;3,15056319934096;24,8435905470614;3,19046135786699;10,3360525356457;1;0,826484405977299;1,30659990939465;1,25282382505313;0,777788027952842;1,19042204639186;1,04015667388219;4,55697748543624;1,20656397978462;6,15677549297846;3,95965801038771;1,35023968733154;16,1829179795885;-9,59040277783306;-10,4158876897182;
0,71848440904135;3,33008503944848;28,1290693157653;3,58040851461245;12,2643333096673;1;0,852340917417859;1,09532219814028;1,63209660319427;1,46237851026523;1,07682875976358;1,26748663542501;2,45825356698089;1,21511166734041;6,72841191285486;2,98284813458632;1,3001081771916;10,3408795246717;-30,1918732664367;-32,1801822495536;
0,504841127084764;3,54466795142383;28,6696548500726;4,87114370262044;9,06452100935032;1;0,689303274776159;1,29396268289861;1,23558444186011;1,25659496354791;1,21763602742405;1,82584476047797;3,87546520514308;1,15084200192961;6,39217716394742;4,60569734862207;1,01294347725644;17,0085091672392;-19,4351725172646;-20,8281576380024;
0,605005261349726;3,36774930413061;25,766315168181;2,92631668758726;18,5962371804277;1;0,850002894725186;1,37396284189866;1,37905332757604;0,600213812221823;1,4429956164544;1,37230253367971;2,26051214902208;1,34312559101803;6,22314157784524;4,58529978748069;1,30104220456002;16,9999167665373;-36,9928673482221;-38,8139352737508;
0,705873112265457;3,13540535050803;21,2230662399025;3,8103423842253;0,293676429496537;1;1,16074783836043;1,48148716415313;1,91123999280651;1,21472994441044;1,22806488529967;1,40855222274748;3,08356308892452;1,40645737582968;6,00983101851536;4,07159520012131;1,37055343700819;14,3502848698642;28,2728222453815;28,0148521343054;
0,668141986864652;3,46042948785714;21,017150657954;4,9141998307114;5,10523551262571;1;0,92105995640649;1,35664817734078;1,75034373177922;1,19974012596061;1,44493321747168;1,98609772510503;4,03922217782569;1,32544243878812;6,44167020624542;2,26475989079679;1,05177314278012;16,5928849826085;-3,7626847957797;-4,99563402583099;
0,452073130955005;3,51804543810851;22,9771846702735;2,06938716305173;0,147856315632317;1;1,41532684045735;1,09895812303269;1,52354443178595;1,45109661248305;1,44391965678519;1,48391789279038;3,12156362601592;1,09816551036159;6,22257381426696;2,30892939546819;1,04705925449893;13,005466990407;17,8687060861299;17,4454628121679;
0,403490678873726;3,98557817353531;21,8441981360885;2,27401507163281;13,6280197355961;1;0,988488429805378;1,15204139057362;1,66502073469223;1,33642401006921;1,25667702657093;1,36443349378287;3,85758971466161;1,46179216063157;5,99343191250074;2,41143285306437;1,28723820759618;14,1736508263679;-6,93953057629216;-8,20348521268017;
0,729938387016286;3,57001339354785;22,9676437384839;2,95065952254242;14,9360377888512;1;1,38522279795381;1,28199948295532;1,48281583666867;1,1435642190379;1,40747980829502;1,50790225051062;3,36233396580497;1,44739813810387;6,87399146982329;3,95521338888333;1,4524977023137;19,577361787571;-5,10977114896483;-4,23041878523684;
0,643635899350894;3,06673397916992;21,1855758193847;4,30210515654229;4,40393183948564;1;1,36631272520551;1,47291958261582;1,06173088333144;0,523822517605457;1,12834166389153;1,97354768844637;4,26253940241005;1,12541079500816;5,14533155833961;2,17295088739436;1,46330621104299;13,9240401317189;4,11150465864013;2,3399055989852;
0,461387554849821;3,37884470223888;29,0870246917678;3,86964745397438;2,06492253627277;1;1,12903202665714;1,29287267878951;1,69294241133447;0,678767409450088;1,45541257934072;1,57391154337067;2,67011540584967;1,20250955950527;5,78865740280334;4,82654178045377;1,10305117794849;16,7692310891043;13,7758097701646;12,082049824171;
0,792006671147423;3,91773339894547;24,6119366620229;3,58682667617379;4,25246516807295;1;1,18962259839513;1,05139184022588;1,92728024370207;0,519151278543088;1,10110846525084;1,5770657534192;4,1853465752642;1,02269128989957;5,73304610669917;2,16182010484902;1,06409275847582;10,1847517001873;-2,41256773510591;-0,447881147245288;
0,552386963030413;3,09669023894162;29,8202513251035;2,52837015398042;19,5924838817661;1;1,2408965853371;1,30334850465957;1,34671436095301;1,14247044959163;1,45739960518139;1,24262169172117;4,38291568853495;1,19546306545275;5,54334692436814;3,23328934312642;1,3316619898732;15,0203943892895;-18,1592037140149;-16,1409592607129;
0,626427493949055;3,63568294575337;21,7085898019626;3,44412635463386;4,0789945712497;1;0,835341517658751;1,24520191893568;1,23312673257504;0,919710845551386;1,00896447815675;1,07938648133524;3,5631372021891;1,27044002624937;6,04781489191759;3,39140024417811;1,48316205094642;12,5205930467976;4,07290247112447;4,02854077544267;
0,790916329433889;3,11431204530278;27,7435937541871;4,21357611338924;7,22780997101865;1;1,2099807729735;1,22502031066106;1,68448703169927;0,855869630201689;1,35102712196555;1,84610175896578;4,380576665369;1,2957510852245;5,93613358795087;2,21201244420652;1,42861782245539;17,3288697882855;-1,00593475250958;-1,04617760442168;
0,429480045575062;3,45029867381097;22,1317942608455;3,46787783025482;1,99140952480757;1;0,865116145779639;1,45654185988394;1,32525100845966;0,902471655607799;1,31937731390804;1,62405186393858;4,03648869112052;1,213885096068;6,07306816314186;3,2151496997604;1,24442472989774;14,1297961315442;11,8967791315026;12,1976129459742;
0,518187341866593;3,42997753304196;28,8619373410153;4,66797731715906;12,9881903605974;1;1,23055928473607;1,47071240643754;1,10117806124063;0,518056899080532;1,3982133876761;1,26031850866515;4,55856012286585;1,2901078423695;6,37360571403373;4,6589735892273;1,32997751429909;17,6882460358758;-31,5585849420922;-31,2726199524586;
0,632218239696747;3,17233172249336;21,3647727019537;2,79022044520597;2,72728992689571;1;0,663204249265418;1,41497449959046;1,32639687166698;1,49333938141198;1,23468749894171;1,76206232159447;2,81657010824805;1,32451870788925;6,74902291869489;2,84553221563006;1,17051653055719;17,0134355353688;12,0231456775304;12,4602936982628;
0,431146743062685;3,17651810640854;20,3023016826022;4,59435649392995;7,393585459188;1;1,08934676963588;1,01851034025161;1,15859096244876;0,968584556008825;1,0106317203051;1,79485119106128;4,03391756816626;1,16556222042198;5,38425915836921;4,63984997678545;1,03545783426041;19,8248686245235;3,35221603870023;3,51397791131013;
0,777771140257309;3,40629720394646;26,5191694853173;4,0911455024246;13,4935902043929;1;0,536068882568755;1,05863039511224;1,40099867722043;0,827490808052824;1,27562660450945;1,35468942470725;2,73727534076601;1,0859283550144;5,83055095347356;2,15037939375042;1,13807425453283;13,5494693982297;-45,7592155669593;-46,0431066670549;
0,65734655369477;3,62075183182507;26,5836215197536;2,09058854521499;19,3206074273495;1;1,11665404346228;1,44975434091169;1,28563003388365;1,17464438725138;1,16237608836088;1,22591301152155;2,75046755251253;1,48380793537568;5,6865112410594;4,62134567103846;1,23630910290785;10,7724978799868;-18,391310857188;-18,4507812712708;
0,708372670949524;3,36430760737609;20,4585079803268;2,58494915291317;11,5250759505492;1;1,03922373604477;1,27750100423058;1,43459004220427;0,537862288774425;1,21209930004834;1,30697224063495;3,36415572426379;1,21003015099793;5,93741634370233;3,88229967488029;1,1250159930496;19,7909780428258;-6,89541791943782;-6,00682175883663;
0,672602589864424;3,947499386954;28,9745560006645;4,91694052864726;16,8001774365083;1;1,40539797346699;1,16950247184595;1,54854273739004;1,34315025197415;1,44783128738586;1,37133168903443;3,94444534018274;1,05407702691249;5,48155680961943;3,14998413951834;1,21521293202304;11,4028337228584;-58,7461742478598;-59,8805302010626;
0,573831386811526;3,50884228630663;23,902403186984;4,30337959069372;15,4641941458602;1;0,68896117717702;1,2160143998256;1,82949159430095;0,71653350261425;1,31127909822652;1,38510783561159;4,38319244989734;1,38847000451956;5,34422625749005;4,33077285516327;1,32241313295029;15,9343263008479;-40,345293585824;-40,5889837268179;
0,535232546584502;3,31549347874604;25,9752608500363;2,24145943281275;7,18879053536542;1;0,772093519631795;1,3624497502722;1,39675622163265;0,688115866898586;1,42885418071618;1,94010163446425;4,56584588754127;1,30549099745822;6,06025946677203;3,7852007029078;1,09661843920979;16,9202282156144;5,64411870711813;4,48391897017831;
0,521814069832166;3,0931915838954;24,5560851727044;3,3866629266149;17,9527012486832;1;1,10930301496044;1,28767302196652;1,00362576521086;1,20172706029884;1,22967858967131;1,07423190168902;4,78692733863996;1,37365780150836;5,20922129326715;4,28698351031332;1,19116381793077;14,7850070904905;-22,6189245264711;-23,237595166601;
0,540992858293697;3,62235724009163;24,2270650538213;4,27669289900844;7,87673856780788;1;0,741685429877063;1,27666729113009;1,89930817412662;1,13235059348688;1,37748711227381;1,18974834801391;2,38096209112112;1,42826032171218;5,45698722229735;4,05229928927782;1,27368888847383;10,8242970031743;-16,2767411415078;-15,0477731554203;
0,477061280626119;3,02514017653306;22,2592162951499;3,39156185216074;3,28008034342902;1;1,45064457062414;1,07831402485685;1,99227242031886;1,38731905256568;1,31579689863506;1,88181248816704;2,08095633659534;1,09589390878004;5,83571961727825;2,90468241854214;1,35083246798041;18,5797198346303;17,967312181027;18,409112240924;
0,406148200297297;3,46746665855578;21,0449588324514;4,12106063988085;6,58734069824855;1;1,03855115467183;1,01893377583915;1,08584456822971;1,06875011873635;1,46164591691029;1,27223500522604;2,77702741901787;1,45142772815922;5,70181308563375;3,20850105402258;1,1203596495605;11,6108351181286;-10,3929348983339;-10,5250695797333;
0,798094059619609;3,73252519726114;24,6905905438332;3,15525108928682;18,3148669680382;1;1,28184207663449;1,4162811866068;1,47475530101796;0,50681948661963;1,17583242214188;1,31349471218733;2,43516381258032;1,42349329367827;5,97794414986343;3,82435780154177;1,18326913790853;16,7162449603705;-37,9014785689856;-38,0520127412719;
0,510029347732204;3,69805740208785;26,5257578870574;3,7902884238377;2,32020173741509;1;0,554590141413405;1,1926038427494;1,34334102863058;1,17627835359338;1,35205802457688;1,97924905945064;2,2388825256468;1,07045300190115;6,40553531362804;2,7192862964513;1,41973597472993;14,3297539079398;5,29481067680363;5,54836010428857;
0,791046696992369;3,78161414637734;21,9413982382839;2,28100112599344;16,7043371118382;1;0,582860557847391;1,27416153177017;1,52233699069413;0,954672973476041;1,29074097675987;1,9088265825782;3,01866372814837;1,43358884587269;5,24506807472675;4,72103179425956;1,20208194903147;15,8549496195873;-12,3174637593902;-11,8103066735248;
0,60509388116307;3,87787547378751;21,6638408675007;3,04872333329374;0,815997957441955;1;0,935462045817511;1,01742334966953;1,37430286020374;0,662065183548738;1,30931426987735;1,14206202913589;3,21801879518154;1,10642744021174;6,86268030103824;3,68364548652518;1,32048251952987;13,5241384393359;11,1029144582607;14,5054438927127;
0,500968184997553;3,42817202173829;29,3894847201625;3,85082445360041;11,3852066480055;1;1,06948600024206;1,39743082758445;1,4177096128505;1,37239344904022;1,47191669721434;1,49125459103176;2,94365396628707;1,15276244484185;6,94845494393922;3,42172269323415;1,16146839623374;15,5332917919227;-22,9934283071211;-21,9747438609519;
0,548833948780977;3,250433772395;21,8031115321915;2,53969925305333;2,04605988274469;1;0,812585137158768;1,15357914302814;1,0815507378619;0,96283305842961;1,13077155247581;1,02952699876147;3,02376694931271;1,48779641044973;5,11618208329104;2,89511950591;1,36271960634336;13,4536275135944;14,8223411024566;15,9746994614227;
0,620978354993504;3,21325141848373;25,2388680552223;4,78565610078761;5,75165481440529;1;1,46630732318533;1,10491676374919;1,18130418662478;0,663388154274642;1,10618601846653;1,66147900132031;3,24130480136753;1,43508612758831;6,76797656011022;2,50320570322294;1,19595441296602;18,5526778964681;-2,44135843751615;-2,17441353931348;
0,440811705412532;3,20989169301695;24,2677170909633;3,05264406838749;16,0595274288346;1;0,793442759731189;1,18894651909101;1,88686255130145;1,40911485741593;1,17951007191546;1,48717430315147;3,67344845637527;1,01006626140095;5,8660810517301;4,95117678934503;1,22280473779487;12,4402014777158;-23,4363498040979;-22,1944101250129;
0,673738657933133;3,74164973635731;24,1582713541943;4,20138626131261;10,3226772067888;1;1,08063844325501;1,14752107850451;1,94469503474997;1,12088677906918;1,16207479270223;1,09371320789068;4,78115482669816;1,49389792838923;6,25556090177399;2,21545231230917;1,24871340586075;15,185218990125;-15,459815939473;-19,491178122116;
0,786788655535036;3,11731317874913;20,1090945303694;4,93927370732168;2,08639785230309;1;1,40819460943066;1,01953538530961;1,87971726220095;0,538213955014528;1,34966509843936;1,40886075571386;3,10747954205318;1,01222131389943;5,67920511511136;2,92749198198493;1,2304190450186;15,6753983594653;8,594236174613;9,52342708306405;
0,429275316844991;3,58295852378545;24,3424664145202;4,19825651175302;13,4143291351884;1;1,37692237526107;1,25400522706425;1,502460290562;1,24558768881149;1,22951753140183;1,45461810716768;2,97105804969814;1,38402797348891;6,72087221912129;4,63564696154456;1,34460584908831;18,6461385685592;-18,1808052396249;-19,8640066629786;
0,795286417658275;3,4838180948244;20,2064589830596;3,41099777501333;1,90689594529264;1;0,825529759127072;1,02920546825724;1,15778384128534;1,03248759278387;1,20997616374166;1,70199080130597;4,11697886467841;1,48971026099513;5,87397857775771;4,07326480189182;1,17426723094524;11,3678227088805;14,2019187570847;15,0402703831174;
0,739579210136919;3,12625195601169;29,4874091771169;2,23384358110694;11,7227617119725;1;1,38483583645076;1,23834672179966;1,39739480717047;1,0227391392744;1,44201003246522;1,28135274683157;4,29150764045573;1,01395872724568;5,98999184486223;4,15092572480229;1,30520546734454;12,8559439519551;-0,647306593174333;-0,0475226716124343;
0,584103687709222;3,49953512719356;26,5547559588577;3,14968228273785;3,25573514757113;1;1,44288700724553;1,22717546758409;1,17948446496843;1,30979384989706;1,21032129081672;1,47003896941199;3,77303586382722;1,03043385851906;6,320952491211;4,4633171696829;1,06816088130422;15,4209497769878;19,4271456240411;18,2369689691397;
0,606449868764367;3,04893147969826;26,1943231444327;3,36759869925855;2,69703104223521;1;1,49590527312735;1,28406966786926;1,64154573777727;1,02913673280951;1,00940144085544;1,01022987789713;2,53441034828648;1,09704890395446;5,70272085645765;3,39232542677604;1,03864259716092;19,2720726782624;18,0129378977979;17,6484324308169;
0,658069183178728;3,67187367744555;28,2792271692956;2,5761463196427;9,88875758133101;1;0,507857585560497;1,12314133791326;1,65808476848949;1,03123289615177;1,18898429888975;1,11107254077473;3,98518803296266;1,03374317894544;6,51984194189306;3,8693362297186;1,26180815621321;19,3393951978859;-3,37194839242253;-3,69467127518426;
0,7394624080368;3,10741331291092;21,4306603096031;3,51529309421668;10,1011163532038;1;1,26781838288713;1,00314846600014;1,06322183065657;1,07768792765627;1,49031379807049;1,38199332598178;2,74449044879165;1,11427256455977;5,97561640082291;3,37576833213115;1,01156544836973;12,6196958736097;-18,782310900167;-17,7809503759974;
0,47515304323173;3,40882205018048;29,1555467432261;2,68426616645517;15,9012066283965;1;0,739261769512496;1,48343030816955;1,65979923323258;0,660724342605268;1,45590687728392;1,72874755126628;4,39363942071647;1,3076628688275;5,89257161200339;2,66763257087852;1,01732193341416;19,8653640155367;-21,5252726578067;-24,6969741552061;
0,676956997783146;3,32087672066895;29,2226150886208;4,47321512933662;15,3173295770114;1;0,871081622171002;1,45760072871521;1,93031401581371;0,509549197743076;1,21699599041999;1,29501772143296;2,60785275921408;1,09303155660001;6,47694712492566;2,5712029134322;1,18153259441758;19,7831612335944;-55,2573635382224;-56,4604723084714;
0,507711429453388;3,02639484941643;26,6552686497232;4,09297575105284;2,62732917969751;1;0,79411521863521;1,35565117638457;1,53043883795162;0,949090900004164;1,05427780434356;1,17797077707433;3,90911043759182;1,01667567005304;5,36253208908311;3,66006971654949;1,26487800485102;16,2680699877134;12,8983809268307;13,4988522238679;
0,627058751933989;3,90180285039865;24,4468553770443;2,79171744193689;19,5720848672958;1;1,44743659206374;1,16021920150617;1,929652062694;1,48151874774637;1,34997257528593;1,12088328975273;3,87861242049341;1,11970780361903;5,66408699254135;4,34934017047038;1,43248881386418;13,7555376355898;-15,862070533239;-13,2792841456748;
0,564306800850739;3,78964901314807;25,8213997599253;3,05317750457981;9,46062702440206;1;1,30430812803197;1,25819183787289;1,00456333533036;1,48329265461846;1,12461263037394;1,86386933710051;3,14858787300731;1,28048490657948;6,70292897981194;2,62406916651504;1,07440015710294;19,4156259739342;-0,767620709556937;0,965083837218501;
0,746579030981888;3,74864291161034;27,016074174786;4,76316646131761;15,2512791415796;1;0,914480985704456;1,11694439095839;1,65572831282758;0,967827361651656;1,25123093981557;1,64296483147027;3,93230147751335;1,3412106863319;5,00779602071452;4,88058822436272;1,47763531829175;16,11122631843;-32,6965115450037;-33,28853191452;
0,754063998431448;3,71847828447783;28,9906614923362;3,77140962583279;18,3903762368463;1;0,970069259980244;1,09905345903222;1,46267467608272;1,22269193030025;1,39310881236873;1,94801493127551;2,93576137626911;1,46053067209677;5,16459149964261;2,73360308719184;1,25755078444666;15,6037346635954;-42,6035823051701;-41,660309323567;
0,790046161410875;3,70840023171818;21,2676734061138;4,04170162231701;4,9421954073343;1;1,32746405476412;1,06772633608611;1,46446640893455;0,89103872617498;1,01258961682035;1,48982111888235;3,78212137608373;1,25846718851441;5,54813684535868;2,44570832360669;1,07706792852307;18,0185565161562;9,58950360237925;8,05553693608243;
0,725915097241736;3,29696697515831;25,5017094652871;2,18001650277991;10,1802237169305;1;0,655744600378849;1,08464767401681;1,18392086592129;0,840259311567121;1,15668686634318;1,58191933263604;4,6271754942432;1,41822454331401;5,65115148915238;2,24055551999261;1,37453099011316;14,2608913090687;-3,70942311353632;-3,687920510723;
0,577996326745021;3,79431825242804;28,5661121803723;4,13837485088463;19,5410684215699;1;1,08637681174706;1,03436886170748;1,40230249972136;0,738139137215479;1,42707744262346;1,97926429612079;3,05899697753112;1,44131076299616;6,31991104160433;3,81061292691403;1,09216399399847;13,9522844678611;-62,2255523141374;-61,6162531281319;
0,546270538341783;3,05460811035116;24,5452213810164;3,23975716676557;4,78017673007682;1;0,863972144518972;1,30212570140188;1,61993371011222;1,09343910300951;1,12400849108212;1,50244663597607;4,31136871229656;1,18737484530717;5,43605674580579;3,24835884344027;1,12708777611309;13,1015055377738;5,93353924990154;5,71042470674016;
0,671098371565132;3,45858801609338;27,892888898005;2,12488138515616;1,7898963302816;1;0,671724678522843;1,40700046075671;1,82107938589088;0,670490126863702;1,32947520267439;1,85466267304836;4,31332673046583;1,23033084260075;5,46276981766866;2,1143272042075;1,40134207692494;16,9369242333195;14,7691664677071;14,4948403196935;
0,728158088756762;3,03571326984924;25,2582370106266;4,63918526741657;17,5114344892817;1;1,48435135138788;1,14877789692226;1,33647905926604;1,1481857112721;1,09770136247335;1,54370923725509;3,05345517747417;1,34205277691177;6,37123003540822;2,43898787010438;1,19946879141486;14,8886918707026;-58,0718130549505;-57,7570358607416;
0,782136538061811;3,00761507032616;20,4541682383172;3,81793007203795;2,15707521935857;1;1,04592141824447;1,30321151572354;1,85177461892641;0,675502774113673;1,32630548133196;1,97447748947294;4,83825061117258;1,41692471967938;6,13702712420771;4,12030155936263;1,39316429544547;14,5916299765444;20,047550568033;19,946852853226;
0,521971825352398;3,8542915463574;26,3994727275333;3,94025501025381;7,14987861624683;1;1,23781637561922;1,25066934031217;1,85719929119972;1,40156423065382;1,20498205330339;1,48402252781299;4,48265803197461;1,48144178383086;5,27539415058573;4,72686608362172;1,01098951953719;10,4156899453177;2,8669791297897;1,04704978946444;
0,758069689003301;3,62353582485196;21,2427380753781;4,81145449583685;0,330969812425545;1;0,651326134603314;1,12912935137961;1,60575456000067;1,39268451344517;1,1399433223158;1,97171427401987;2,53204482782913;1,46273955375951;6,94493814277112;4,78126843012433;1,08861831042185;10,8475350590533;15,1381710649838;18,7908582781755;
0,444584462802062;3,69775799212459;24,7717098507033;3,89390400422129;16,2054062812136;1;0,682902771556494;1,20892291136759;1,8381767284214;0,727706066851436;1,1776411493024;1,96788537804221;3,08179647989613;1,15475420471159;5,90826774316567;3,19656756804245;1,15075941329141;13,6282990578628;-49,8903463770147;-48,4864428068865;
0,553757808393277;3,17077082609077;24,4900075752498;2,56700411359011;4,25003846740584;1;1,16248458266782;1,01165297953683;1,38714789864308;0,980861858343906;1,22230478346401;1,70375289877498;2,68236047790441;1,06910606102764;6,42089735377135;3,96551363309042;1,44231830501052;14,5665985379756;10,5408893880601;10,2959422638974;
0,529209385749234;3,40440958980574;23,0349219527643;2,30440936826738;5,65287002493927;1;0,59979578109919;1,10992431317221;1,20092856888681;1,47696016472228;1,25503376888927;1,53440794361159;2,6804241220654;1,08075428348518;6,17434039972125;4,30903690874321;1,44636312125865;13,6052559906629;11,9625555326194;11,1948445844732;
0,759704473232782;3,97218546247393;28,1923337858618;4,24993409641318;13,1772230130567;1;1,33404969280447;1,28712068597952;1,24103886197345;0,662240615385175;1,46962274761629;1,38580849915412;2,41001864159713;1,3216473161759;6,89926228949317;3,57029177541153;1,09771771882608;18,5254709977949;-36,8520272352764;-37,4023262890205;
0,698993867891606;3,28450934828364;25,8152624046931;4,92467864507918;0,656165667030999;1;0,931029491226894;1,13805471340615;1,48984982806487;0,766133857720097;1,10250545854273;1,68551766236441;4,9978952293745;1,10264686998042;6,18596706846402;2,65695736362994;1,49465957959058;15,8472930630313;19,0966179550401;18,300262286123;
0,750078324682563;3,87080140106166;24,1951842895232;4,56590473408948;0,798210879042328;1;0,512051033790235;1,48619405075121;1,99228521436273;1,44371850321622;1,39478481616703;1,32264878817896;2,2593874442995;1,04925100553065;6,73385720786961;3,00472368789015;1,31877414959454;18,6069952181091;16,4119822470004;15,6057847331453;
0,49874252232228;3,508535435076;26,6900834433478;2,14936719652018;11,9063023039853;1;0,981853900822311;1,49866548378455;1,30355015799952;1,3588008291225;1,41971008489367;1,67584999270641;4,01796853309916;1,47951885964245;6,6085787307491;4,59349616421235;1,02088294399923;18,5601879420132;9,22876667793649;8,89498393491087;
0,585285575544761;3,44953055504;26,9085984134368;2,83717858810843;8,18465614416279;1;1,04724101828114;1,2013315047839;1,83327978752397;1,21461987162815;1,35511368009148;1,92683386847536;3,24188234592832;1,07490079712004;6,80381616200409;3,92961285145246;1,2358336726287;10,2167318575589;-7,54596681415711;-8,85064851165429;
0,425918112049326;3,59356167041547;28,2562098950744;2,49421445734199;6,27951009345229;1;0,863386114212541;1,17454908023927;1,61766005927177;1,47008210280214;1,18263062908841;1,69839510151613;2,0753717119981;1,19453136406246;5,24957106314822;4,71266601297834;1,32238480607569;10,8839851596588;9,03089924880998;9,86466288718597;
0,63548276150494;3,18406157595666;25,7817169385454;3,04230177845859;18,0075193704123;1;1,43958006029473;1,41078326092353;1,32786990546805;1,21002745854436;1,30957865512687;1,15689451157974;2,04047451867733;1,37768959530575;6,46071992755419;3,01105716079731;1,35305965781516;14,8809763218465;-33,565439717785;-34,846867057305;
0,460894223782442;3,83908582963959;21,2021704067481;3,91581772941067;5,79322837893693;1;0,864382533441387;1,32394672018102;1,70716459576673;1,23802423401224;1,20604090432311;1,63155839956169;2,64440548318541;1,09370558827503;5,69326105776552;4,88153568745626;1,10873753568361;15,2852019121137;3,15972463658678;4,06983456836354;
0,789359928385671;3,02520063380366;23,1173146569909;3,21138775283736;4,47713928867065;1;0,931793855836567;1,19807906162415;1,93196722770388;1,00289185612995;1,17040701738335;1,42095252485502;3,74668347247566;1,37966612781856;6,29076206108806;2,30360971374987;1,35562933663736;18,7640235733157;10,8620967339579;10,9482149589401;
0,541250357716635;3,04993090546921;22,6451641001378;2,55114618771503;8,50984932121584;1;0,519981634574938;1,40508826028208;1,52788625553434;1,2609730441498;1,00968905526905;1,53809563315895;4,70965796655734;1,21434040558858;5,42067372669016;2,44621164292242;1,21724779489852;19,868420294921;3,93882133263316;3,39082220971588;
0,561092058513568;3,83707028600319;28,0961655448415;4,95702213373897;8,97366925817301;1;1,21745501079537;1,27344777336657;1,68220066434755;0,833923899879196;1,28587101872216;1,93938710259725;2,81445810473861;1,32841047081826;5,57551630879182;2,83494459926964;1,48932045616427;11,2124954865343;-26,8626520298549;-28,6399426670333;
0,609807600968007;3,44729220668024;28,9827120278456;3,52612855996148;0,198378549003596;1;1,17036347432769;1,39718260881425;1,36995905553223;1,06410342118798;1,01995391503907;1,24763234058573;3,80051680509944;1,16857595699108;6,93416643793093;3,72058908169172;1,3415650460733;19,3902451147768;29,4443472080842;29,1671323887665;
0,791911400014514;3,9064330761103;27,7751802298648;2,33551071335923;6,09782286595968;1;1,083961201502;1,49014003539694;1,1069140988651;1,48660733806589;1,31462154870728;1,28338201071214;3,25782769714897;1,26605642686273;6,86896540454332;4,35273747736419;1,34480150145125;18,0948295905476;21,0150881614682;23,383793933009;
0,63040993125886;3,65090870197185;22,44183244939;2,14581567937178;5,81913866703844;1;0,986988646557319;1,01700911613112;1,50213053345264;0,781001862203936;1,02146368648891;1,76883837528733;2,83558941838229;1,04137853825031;5,24236612958889;3,35123280141298;1,01531860966126;12,4226646387071;2,13737061696099;1,29879736765714;
0,497410019230426;3,13103520989675;29,1077890524426;3,04753643973906;17,4559728189967;1;1,07378732170299;1,27923054929805;1,04386950261981;1,44698538117739;1,22975563531037;1,91367545745188;2,02738559642513;1,2946773210528;5,02024484705651;4,36639104233272;1,36775987697015;14,4115126515765;-19,1005546618998;-19,0785423589093;
0,624443177744849;3,36955128758437;26,4207460583236;2,15557156297275;11,0866053474803;1;1,36995230798376;1,30002660381143;1,97038136584926;0,665953541446001;1,38298517521075;1,93825555172243;4,20688554276873;1,36725935162214;5,77552758408141;4,40839945627572;1,06030577795121;16,2176457667299;8,73179964374734;7,54489334646591;
0,75472969262738;3,91349615992827;22,2104900544999;2,32002027875744;13,2048396657232;1;1,22052424697218;1,49629710009235;1,08639001405947;0,769104380223226;1,41708198676749;1,89609915923702;3,43641887824899;1,46899354340718;5,73688433103657;2,45732976180905;1,43752988880443;15,0877683295607;-6,49450272087858;-4,82307844505965;
0,704239102244433;3,25117744883783;20,640394918304;3,83525867197552;0,227168216422938;1;1,11993877161758;1,18229600791407;1,79408012279172;0,995456338044129;1,10516635773358;1,70849296653375;2,93905085905899;1,30043822417512;5,87273002389649;2,43683565860541;1,17545103914464;15,8317882814053;19,7534844334736;20,7685498515312;
0,501761003421098;3,24040555633614;27,4829361279223;4,57802569041448;12,5781210122113;1;0,566747769496112;1,20683259684752;1,09717221443941;1,37973978972988;1,16435218478189;1,41188889774771;4,66302311854973;1,47061676065685;6,6761405755943;3,79125192570296;1,36979378035054;16,2497439087019;-30,0707953752921;-30,4401901779484;
0,762528739302077;3,7063940383276;28,8894140391819;4,6555778476539;8,23583069914855;1;0,899815638409885;1,04830891104609;1,71648748049431;0,581223640609817;1,07289475844542;1,08246599465666;4,4192887589846;1,01438153011594;6,17505399770454;3,40617557321819;1,31366910571551;13,7356520313154;-22,2956503827381;-22,0069769442223;
0,494698771018232;3,53956749279508;24,3306866484533;3,6655807885494;18,4453290790425;1;0,984424133432196;1,10095353997335;1,2995950559386;0,939350180197356;1,34078494385834;1,77589236078223;2,52034171007582;1,01576254680188;5,6971364293008;3,18070016782281;1,18593330708936;11,4239457951449;-54,4703557343694;-54,8698930526826;
0,515805940450124;3,63708096035688;23,5029797543546;4,39409640626844;13,5657465256671;1;0,753888150969029;1,37731653833234;1,75724148046161;1,24878614646122;1,17528602450045;1,55432804989496;3,34845821125164;1,01867017185285;6,20890581077172;3,39477322539193;1,31962399436618;19,0767642108437;-33,3955286509312;-34,4587652116141;
0,423966015974052;3,77843069070448;24,0379886711105;4,91978580269958;18,9752092070354;1;1,38390126099901;1,26414811023608;1,85586246821467;1,42116117801544;1,06665544760568;1,40657021580417;3,18636627569477;1,18040991427386;5,14501710984507;2,70763502635705;1,34768647568945;15,2094367694132;-61,3291242763927;-60,55946576521;
0,703447078145912;3,75974671537051;20,3881358612301;4,30111707125351;15,2266858739841;1;0,836477261580638;1,12660367347454;1,19264300823972;1,15531781074948;1,28995895602041;1,61743250992555;2,68313326213582;1,351168460178;6,54230028380228;4,17858560434044;1,42790819865836;18,3370644199515;-36,3774347045187;-35,8849082908302;
0,459143810360493;3,2504859751208;25,4303083022661;2,79312119418595;17,8034586780247;1;0,701282295445279;1,47391776274282;1,93423965478648;0,613391632706251;1,43862596723219;1,37299358015251;2,54448298750084;1,0849310000392;5,52316462819538;4,56690631424238;1,0348693089408;14,3117405228111;-36,5215702452359;-35,758420479613;
0,60357061806218;3,37087375516325;27,3290892800617;4,45914453325308;8,68588085022892;1;1,02071182372065;1,15264783814844;1,97843312588018;0,629337162275179;1,12739941864912;1,56960965869241;4,45800747639919;1,17892247815126;5,40124709634139;3,57155889355847;1,30663016771586;14,2928154147912;-14,9472495174983;-16,9390521464585;
0,489214499688059;3,62729719901162;21,5130001938699;2,25444162479938;11,4478000047262;1;0,863304148978392;1,11367564034035;1,93404817044131;0,763419686877965;1,20007930607537;1,37073185792443;2,94383736582097;1,47446651115885;5,74132337159042;4,04486659752318;1,09742232798539;10,4828787735856;-11,4629858603611;-12,0880014728524;
0,545991877127903;3,58120400029728;23,2177703462582;2,6160116395019;8,04361456726762;1;0,568658527701315;1,46022094668826;1,33836440610196;1,45066366459957;1,18406399204025;1,25223550834978;2,56916307112415;1,06861614437509;6,59277122178878;2,47395621181325;1,18138608154407;17,1780425932207;-5,35750049990157;-5,47198037650903;
0,66363430047958;3,16654488308508;29,7455079922791;2,29190570681633;11,8050161962875;1;0,60929340522487;1,09977363692591;1,9205782187452;1,34231736111509;1,06734866906594;1,98186649125579;4,02983211610229;1,45323131895932;5,38786625871152;3,9286163151098;1,31024807826854;18,2287353738744;10,8273787338517;12,3374166682208;
0,55340600278075;3,9693860064655;27,4212990765044;2,18234474961235;11,8020547115714;1;1,45577492703585;1,13206987167524;1,77051429282187;0,592084591531214;1,34407205317264;1,89486878013585;3,53914152470863;1,21631630922582;6,77095084585504;4,94163859983479;1,48296697600348;15,7881618653862;0,570752889994488;0,484288010497269;
0,645229418074067;3,92503545664368;22,7913070639575;3,97442470955998;5,35100009882613;1;1,14838052882077;1,44634221760704;1,76714810723605;0,683638186003929;1,15796662044198;1,97511732018905;3,50396478583663;1,48149748029688;6,26147436286823;3,91551333361201;1,39876094027394;14,8572415962949;3,45433066648022;2,72372929634078;
0,693377914999933;3,21319786371039;29,1531225385035;2,3229247863225;10,6837779913758;1;0,657060049510808;1,06149550703389;1,41491601369691;0,663447280918119;1,44429113202363;1,17937571210307;2,70381869485225;1,42327453974245;6,17162991156141;2,07585035149843;1,19783468700429;18,5579463114398;-11,4397766340278;-8,27008531893368;
0,746659450034299;3,03690351802784;29,4726498866157;2,80860281521655;15,8553967475554;1;1,39932241125482;1,25155075365946;1,84844438704859;1,43091626812958;1,05820666580885;1,0401327987295;2,4215565080339;1,18608243802704;6,06735290984329;2,66743643783672;1,12007512539161;12,1835424709561;-26,8523923782806;-25,6217201249428;
0,724512490705706;3,73677301074769;26,7996126196346;2,58547306656499;17,0491767947211;1;0,997537521761269;1,10680442014868;1,12427071019175;0,935968630583018;1,49356526566985;1,37480709803635;2,29219140119203;1,11321227464667;5,23841638915204;4,76241874456462;1,47147901658236;17,8644458804895;-12,3966131205907;-12,0887008638052;
0,700536416447846;3,15715537130766;22,5552876090061;2,82341850661287;8,72573202213406;1;0,721747907163051;1,44780286074332;1,7729944067013;0,843461119416976;1,32040885878271;1,67551897761308;2,52041586197922;1,48635654616783;5,00007570628079;4,6360070732506;1,21672120264655;14,6451175130543;-1,40234700417961;-0,10473414932559;
0,555441392528695;3,74676625564386;21,4217808985668;2,54599342740746;17,7467548981651;1;1,22172450454014;1,0477414999734;1,06440557866926;1,26508527034081;1,29346048571017;1,86713602251074;3,23165300633564;1,3014065965082;5,3290963797665;2,39287250102332;1,18598250932665;10,2865064750161;-27,3130335069511;-26,9550349347345;
0,543596888925786;3,13601301264391;21,630475663494;3,24540799233257;14,8588171496193;1;1,06689534186546;1,3798011931078;1,32908157476435;1,16351539377671;1,4412084555815;1,90095403438922;3,52772309689962;1,47837152413055;5,70975144596532;4,1921833660901;1,34625987018139;10,0082601932828;-25,9293371827481;-23,1766162843035;
0,432980017557968;3,46543447428044;20,3141306248294;4,88250171436986;13,9027654784505;1;0,601668155542963;1,27363105287627;1,79230659985736;0,609039753235187;1,36276044518751;1,13793405777261;4,65961896224404;1,23871796350896;5,80510392384722;3,86508954825464;1,21366419066062;14,1597970375232;-51,4693634942659;-51,9470162260113;
0,565848800951114;3,52056279604336;21,0880281941705;4,02963310247977;7,30370096566707;1;0,504362069537016;1,17746111335639;1,09504929047428;0,643362725419775;1,23532165557503;1,97274198801553;3,63725262196671;1,30874245772342;5,91224958722299;4,95407185888711;1,35140959053566;13,0223752402287;-13,2389620706933;-13,203651301286;
0,73400967045082;3,35214294105585;20,7008900541581;2,6615995403057;19,5690706557522;1;1,17992719674481;1,40367131491743;1,93671951744163;0,509027792375774;1,46331023063122;1,75688310730198;2,52728877321987;1,27330285189052;6,25524256640469;4,80014086626473;1,07140137524609;19,0454739306694;-31,173318912514;-31,2166160280548;
0,689246055085502;3,95955055532035;28,2592111589059;3,13344389878526;16,1351186354028;1;0,749300594499637;1,32587605827159;1,30796092848944;0,792783074381944;1,11835861150603;1,00301577244024;2,77616765228477;1,04584835121544;5,40589750288192;4,4617460881038;1,4120705011096;13,3601379774884;-32,2214934409403;-32,6293423131215;
0,586489418937473;3,71662199187945;25,5575099111436;3,08777000803681;17,1684467553088;1;0,572715325530785;1,43837682750038;1,1278633480258;0,505523396191542;1,17311939275198;1,37108977752996;2,0302641675878;1,32054819127558;5,45197443581465;3,33085371747866;1,29099775461736;18,1966022281434;-39,9545195724186;-37,2415780348403;
0,488126246372267;3,1815999295054;22,5518432172369;3,14598816217528;7,51141586050191;1;1,49054451472837;1,17849413845187;1,56805727481098;1,24313642497713;1,37674100531189;1,54633086234013;2,69983936885834;1,31620860561175;5,82469733544269;2,47628119529138;1,2350131768582;14,0523124518926;-0,831173623402777;-1,51456920073539;
0,719445104412605;3,26709495025386;28,5514274212884;4,99736142647391;5,39355740076712;1;0,68316398402284;1,44822898005327;1,09723816092527;1,25450401072262;1,30167478912083;1,32222228830732;4,64807276210004;1,17235458262087;6,18420877288659;3,01064302353436;1,08063412319884;10,1218305202485;-13,7483112697089;-12,7623511740359;
0,608891137458592;3,60082040717844;24,5967733451623;3,08327548906283;14,2995816176523;1;1,00317411136422;1,26971539861283;1,88648719314637;0,584590724456262;1,21463621040216;1,49889000540108;3,4822550929343;1,25952655141231;5,05787598529315;2,10824687734904;1,08699884186196;14,8983623122094;-25,8357352070223;-25,9823501499553;
0,451804921601854;3,54259374307995;28,3923887341266;3,7576819997648;7,54693762574972;1;0,974395562772266;1,49504346551724;1,12327551588492;0,856830899221085;1,08948180849885;1,85939351489288;4,49944028200103;1,42100917941914;6,84556567479055;4,99785776017184;1,16661066356269;10,2660601749704;-10,7417461953989;-9,01820785417721;
0,471246018742967;3,3084571758072;20,3624173231335;3,96833993959435;3,41469466765753;1;0,648934770642997;1,36518396177915;1,93577500594216;0,580723438430746;1,39897367961215;1,70707705726546;2,55957380648692;1,13715070757017;6,94401254177653;4,85144965486868;1,3453857828503;15,3170479357515;0,010929862185594;1,62522158731821;
0,573023279610328;3,03315722500746;25,2419336781003;3,24348431621759;2,68861478722855;1;0,587383371099686;1,33928534466291;1,82658902737931;1,42216813469356;1,49792730901342;1,05667809072339;2,16810363209064;1,4536775625203;6,61177185308462;2,88462756478335;1,43543603060195;14,7116574073936;9,0359096733704;9,51501121182923;
0,573085135727442;3,92086005046052;25,9688391783202;4,09364204879236;16,5139444909324;1;0,588503941448523;1,45115642481278;1,71714829879746;1,26748739340517;1,35398871331801;1,79680636031479;3,71546707458689;1,20600329029979;6,08367808421228;3,95921368290652;1,33383062838899;11,676574845723;-48,4103930453418;-47,2677710380142;
0,578529894020998;3,35365145801419;25,5029273837579;4,41517011179011;9,7774603939097;1;1,37807851212054;1,33097908537159;1,87374995599355;0,834391686677558;1,0551538857527;1,11953899336968;2,18086850717218;1,39510596180221;6,47895976097299;4,45018267711862;1,28208920028575;13,1800812140992;-24,0202951014421;-22,2375970474939;
0,638502852953622;3,67547817567258;27,370974565244;4,45684910506402;19,7064535272556;1;1,25972485792817;1,42356837888331;1,27789109509389;0,574746096291287;1,44284445476784;1,69995498394127;2,37629249304912;1,14063749745037;6,8667393964405;4,11891402958867;1,28813538916598;12,1633973000952;-75,4980959;-76,1595504904578;
0,436751589466993;3,26391891489362;27,1391812751859;3,04959785985984;11,116456024143;1;0,635960980582973;1,38092704859584;1,30475752062741;0,902036433434588;1,3096972136548;1,67986940701489;4,77391820581954;1,44437937530325;5,65892911624604;2,29147616640932;1,38848345351603;17,4214843002664;-10,9923807353958;-10,483770648763;
0,517541104023704;3,26542482275176;22,7317310154279;3,98925254493702;7,09829305929558;1;0,95991078658493;1,39490193650008;1,25640062388415;0,94891316896512;1,42964328334891;1,72614804648937;3,23978551296512;1,12552371542564;5,88629519913492;4,27650112246082;1,09802530568513;17,9563068430769;-3,33394754791712;-4,22433111303778;
0,468216743242977;3,36841588359522;22,1343173510708;3,94796682078111;1,40379383727065;1;1,35884617661565;1,41387104939527;1,93065982054236;1,4472217638854;1,09027294025064;1,46649957528955;2,37220175130577;1,40672357448068;6,44216328986039;4,19560689227553;1,4010402327173;18,6339802641035;33,2709283837974;31,6639797936821;
0,627756584395598;3,57585659520138;20,9922934884653;2,78493706830427;2,27538833447625;1;1,44983802129278;1,4466447465696;1,71757169270831;1,45757774984408;1,07924877074064;1,27175680670695;4,61319931331398;1,29175140633987;6,72283000166594;3,64852255667758;1,21418413943941;19,7683047828656;39,0686029342379;39,1405046880147;
0,671003881625599;3,31927881443856;27,0991825585019;3,84211598589134;15,0541322387415;1;1,13676922107971;1,19108849139677;1,86491333899668;1,3010359694718;1,09967553862363;1,70392305979131;3,82049724222638;1,17901522239647;5,42505165013137;3,30915734830991;1,28490235604926;16,7282874991019;-23,2488055490494;-22,493890595476;
0,465168286688898;3,52183510584799;25,1956265268837;4,38827500338393;5,59178741313326;1;0,701587458653745;1,0919886280531;1,5286674898883;1,37548706211976;1,11201807079185;1,171800914959;4,04637838551923;1,12232896618599;6,68006735706703;4,18303216346145;1,06571668516046;10,8090350965059;-8,62479374918597;-9,00253345951633;
0,511716192055428;3,37150397719152;26,5720998068741;3,90415330531638;18,2294501639505;1;0,510887988379898;1,39676478665712;1,58099660593574;1,48230955050846;1,41705301541766;1,22128211316217;3,96492072100866;1,05892519852121;6,32514509822362;4,61813533716326;1,13621126362966;19,5472698098857;-39,9723868452566;-39,2398263090446;
0,717461211028849;3,58611675691468;25,3798688448453;2,6759019470019;0,887431227808686;1;1,21087207731578;1,17953628317442;1,7073543569323;0,563312198981483;1,20310617673749;1,94986346665534;3,60341313332399;1,26629779738521;5,6906346750191;2,64584616400438;1,19613768688779;15,0952787709179;18,5702855321106;20,0685451836357;
0,769237802543034;3,14467319011331;28,3508077958484;2,48737426066943;5,05202940782812;1;0,547722058614651;1,26592411840472;1,24747146159584;0,84727158498654;1,03494192788725;1,89601983802766;4,54480515852217;1,46200333534787;5,36539058023258;4,80840003183307;1,000147818937;18,5200398691278;15,5824886115754;14,2843674560757;
0,568911723831881;3,09105736019347;22,505866424764;3,59055079836178;12,4015987460505;1;1,40094703945819;1,21638011599807;1,05555003556785;0,780184820359616;1,49052630516014;1,09082201916976;3,61045467029569;1,43197673965059;6,21039465563614;2,34680724664284;1,02596891532325;14,9492891679866;-22,2346651412764;-22,4673537870057;
0,736691573433739;3,62424663911207;21,2123939071811;4,2900338022248;15,442419735585;1;1,15750583951769;1,25592683610877;1,48239033703748;0,976088918157874;1,03420788818835;1,00190329831138;2,90001913763117;1,29844891834037;6,51553721761227;3,71299835753464;1,31937026554238;18,0296209519798;-39,9119171094713;-38,2945914728948;
0,590970050867407;3,33187180276305;23,5505595322583;3,69890412727811;1,35628538703459;1;1,25175087031716;1,36265939016888;1,40261977152029;1,25292428856551;1,30217500678314;1,63262478626161;3,08762149118996;1,40946951937151;6,34601055070432;2,75216258846972;1,32550055611075;17,9940343480543;24,2053028365413;24,6662356647553;
0,765204725127016;3,23427251079918;26,9184640624836;2,17742875152673;0,160533101335292;1;0,941150677958771;1,01682390622255;1,54278630333552;1,1812269060596;1,28930410307117;1,28140042053568;4,31523808378615;1,18753612464935;6,33190713108795;3,83027750110027;1,11888497872718;19,4512086034406;31,2030060538561;29,8901294067005;
0,535785808818365;3,31478508988274;27,6112146018099;3,0331090190525;8,8064890375376;1;1,207863681416;1,08703101160634;1,25074790214439;0,721724886265985;1,18344598896416;1,37395447780703;2,50727807043755;1,43338737181234;5,51406117680344;2,76904101385014;1,21807277719911;10,7387582423954;-12,7410034507177;-14,8860591661068;
0,546818206214071;3,72931247477637;25,6972563675831;4,43442747146693;19,4031737650286;1;1,05940292020314;1,4570217730843;1,8308090993275;0,776988734555661;1,16004257408437;1,72952557628265;2,16550186489837;1,10863716809746;5,81951406104945;4,19588307039716;1,46751346124045;16,5908161053878;-63,7070640698616;-63,4849547124099;
0,75500224687974;3,26120623998838;29,2509877214327;3,75891783525211;0,919886962724823;1;1,35510251993665;1,0692454086545;1,14057487671743;0,981473602233798;1,24632090941219;1,52576512622781;2,48443893214791;1,39292804742999;6,16229022880138;3,52964786545598;1,01758936734814;12,8659003630434;14,6523140961484;15,9545160513394;
0,730633961300048;3,70145727454253;27,3188167478235;3,57914640185869;9,53045118822028;1;1,31256069052326;1,3792441934066;1,03702521394869;1,44817855766699;1,04539472878571;1,50113753357463;3,1911621275803;1,27451890515502;6,76359894633377;3,19979811208318;1,38866653872856;11,3773268161754;-13,4411772888448;-11,9704706622146;
0,694134649330316;3,30448039721336;27,4745640036358;3,80577003788337;15,0926568999637;1;1,31779839559873;1,28970626177958;1,75633109378543;1,36676340593648;1,09355194391533;1,01827840391041;2,04459983088183;1,23055944841601;6,54965506856089;4,54190373200502;1,28307576088306;14,9121695675217;-30,9143634631754;-32,6667043599433;
0,532317797032259;3,3382944654064;28,849764771026;4,09227789754334;17,180153712905;1;1,46273518189852;1,2727458270436;1,41661405247092;1,37037674031928;1,48049504332722;1,68465897014473;4,89053561279795;1,36531577710186;6,00223283818975;3,28164182540068;1,28289533168611;10,9975457473187;-40,9724360042668;-40,7940093669033;
0,467830308076886;3,90517559505654;25,7823444287717;4,69450475687499;17,6809236262182;1;0,576328511367628;1,0180805505994;1,67244491439137;1,16872685907146;1,20067712145408;1,92881975530852;3,25044486444687;1,05550549087476;5,46385508739945;4,46325412170572;1,2853838107049;17,4910090555183;-53,4042442193774;-53,2112101950492;
0,450701282278332;3,756540635544;27,959550183257;3,17744725597497;8,764674958951;1;1,36169158873653;1,33122347291355;1,4624892735068;1,02743241389455;1,30987951364598;1,22358268900392;2,44482265260183;1,49591504409814;5,42231910033671;4,20093193352244;1,34125989276014;15,5908556737916;3,59707667114036;4,4788300044105;
